Chave,Latitude,Longitude
ARAPIRACA - AL,-9.754866,-36.661471
SANTO ANGELO - RS,-28.3000481,-54.2669971
PORTO FERREIRA - SP,-21.8529134,-47.4794943
RIBEIRAO PIRES - SP,-23.7134177,-46.4160929
PATOS DE MINAS - MG,-18.5974894,-46.5233256
BELO HORIZONTE - MG,-19.9227318,-43.9450948
JOINVILLE - SC,-26.3044898,-48.8486726
FORTALEZA - CE,-3.7304512,-38.5217989
RIO DE JANEIRO - RJ,-22.9080777,-43.1790268
SERRA - ES,-20.1252961,-40.3064477
ENTRE RIOS - BA,-11.9423743,-38.0836985
SALVADOR - BA,-12.9822499,-38.4812772
ITAJAI - SC,-26.9046787,-48.6552979
ILHEUS - BA,-14.792599,-39.0453843
BARRA DO PIRAI - RJ,-22.4242692,-43.8935244
SAO JOAO DE MERITI - RJ,-22.7853575,-43.366715
PALMEIRA D OESTE - SP,-20.4168187,-50.762159
PORTO ALEGRE - RS,-30.0324999,-51.2303767
BARRA MANSA - RJ,-22.4852784,-44.19707
PELOTAS - RS,-31.7699736,-52.3410161
SAO PAULO - SP,-23.5383214,-46.6391624
PIRAPORA - MG,-17.3493765,-44.9507904
CARLOS BARBOSA - RS,-29.2978372,-51.5005613
GARANHUNS - PE,-8.8905889,-36.4930896
JAGUARIUNA - SP,-22.70374,-46.985062
CATU - BA,-12.351274,-38.379108
SANTA ROSA - RS,-27.8643546,-54.4779287
ARACAJU - SE,-10.9162061,-37.0774655
MAUA - SP,-23.6669527,-46.4616922
BIGUACU - SC,-27.4961277,-48.6542432
JERONIMO MONTEIRO - ES,-20.7881687,-41.3920954
PALMAS - TO,-10.1837852,-48.3336423
SAO JOSE DOS CAMPOS - SP,-23.1867782,-45.8854538
POUSO ALEGRE - MG,-22.2343858,-45.9327241
GUARULHOS - SP,-23.4675941,-46.5277704
CONTAGEM - MG,-19.9132749,-44.0840953
BETIM - MG,-19.9475338,-44.1995361
NOVA IGUACU - RJ,-22.7592175,-43.4508728
UBERLANDIA - MG,-18.8941408,-48.2622678
BARRETOS - SP,-20.5531437,-48.5697509
OLINDA - PE,-7.9986401,-34.8459552
BRASILIA - DF,-15.7508868,-47.9250462
SAO JOSE DA COROA GRANDE - PE,-8.889375,-35.151461
FRANCA - SP,-20.5381768,-47.4009795
CRICIUMA - RS,-27.7488423,-54.8587575
ITU - SP,-23.2637798,-47.2998462
CURITIBA - PR,-25.4295963,-49.2712724
RIBEIRAO DAS NEVES - MG,-19.7672898,-44.0875436
JUIZ DE FORA - MG,-21.7609533,-43.3501129
CORUMBA - MS,-19.0016365,-57.6534316
MACAPA - AP,0.0401529,-51.0569588
PARAIBA DO SUL - RJ,-22.1636384,-43.2916915
FEIRA DE SANTANA - BA,-12.2578934,-38.9598047
BLUMENAU - SC,-26.9195567,-49.0658025
SANTO ANDRE - SP,-23.6533509,-46.5279039
AMERICANA - SP,-22.7392463,-47.3306032
CAMPINAS - SP,-22.9056391,-47.059564
GOIANIA - GO,-16.680882,-49.2532691
VARGEM GRANDE PAULIS - SP,,
JARAGUA DO SUL - SC,-26.4897432,-49.0778063
ITABERABA - BA,-12.524182,-40.305897
SUMARE - SP,-22.8217964,-47.267105
SAO BENTO - MA,-2.6999089,-44.8331254
TRES PALMEIRAS - RS,-27.6166217,-52.8412626
RIBEIRAO PRETO - SP,-21.1776315,-47.8100983
RIO VERDE - GO,-17.7921255,-50.9191219
PASSO FUNDO - RS,-28.2550598,-52.3966606
ITABORAI - RJ,-22.7558128,-42.8829561
NOVA LIMA - MG,-19.9854089,-43.8470691
PERUIBE - SP,-24.3218105,-46.9977452
PANAMBI - RS,-28.2898542,-53.501822
COSMORAMA - SP,-20.4223677,-49.7681942
SAO BERNARDO DO CAMP - SP,,
MARACANAU - CE,-3.8779438,-38.6247697
COTIA - SP,-23.603889,-46.918889
CARAPICUIBA - SP,-23.5234673,-46.8406808
PATO BRANCO - PR,-26.2295984,-52.6712474
SOROCABA - SP,-23.5003451,-47.4582864
ORATORIOS - MG,-20.4303,-42.8056
BARRA DO GARCAS - MT,-15.8916033,-52.2615413
ARAXA - MG,-19.6009149,-46.940923
REGENTE FEIJO - SP,-22.2191056,-51.3034558
SAPUCAIA DO SUL - RS,-29.8197019,-51.1608722
PONTA PORA - MS,-22.5286917,-55.723426
BALNEARIO RINCAO - SC,-28.8235718,-49.2241642
SANTA MARIA - RS,-29.6860512,-53.8069214
CANAVIEIRAS - BA,-15.6790128,-38.9449622
SANTO ANTONIO DO SUDOESTE - PR,-26.0727118,-53.725556
RECIFE - PE,-8.0584933,-34.8848193
CAMPINA GRANDE - PB,-7.2246743,-35.8771292
RESENDE - RJ,-22.4683626,-44.4463494
CACHOEIRINHA - RS,-29.9493353,-51.0898927
SAO GONCALO - RJ,-22.821635,-42.9956797
TRES COROAS - RS,-29.5155023,-50.7770635
NOVO GAMA - GO,-16.0496528,-48.0304615
DUQUE DE CAXIAS - RJ,-22.7896225,-43.309929
BELFORD ROXO - RJ,-22.7667284,-43.4033603
MARIO CAMPOS - MG,-20.0511,-44.1858
NILOPOLIS - RJ,-22.8080114,-43.4138222
TEOFILANDIA - BA,-11.4891658,-38.9997411
JOAO RAMALHO - SP,-22.2486157,-50.7677114
CANOAS - RS,-29.9216045,-51.1799525
DIADEMA - SP,-23.6866428,-46.6246935
VITORIA DA CONQUISTA - BA,-14.8567487,-40.8414804
TRINDADE - PE,-7.759,-40.26472
SEROPEDICA - RJ,-22.7438887,-43.6991998
ITAJUBA - MG,-22.4238234,-45.4524156
UBERABA - MG,-19.750833,-47.936666
PACATUBA - CE,-3.9841,-38.6180383
IRARA - BA,-12.0420271,-38.7635638
VOLTA REDONDA - RJ,-22.521856,-44.1040128
MADRE DE DEUS - BA,-12.7424741,-38.6152913
MUTUIPE - BA,-13.2282298,-39.5060149
BALNEARIO CAMBORIU - SC,-26.9924395,-48.6339782
CAVALCANTE - GO,-13.7928414,-47.4568521
LUZIANIA - GO,-16.2535456,-47.9500276
MESQUITA - RJ,-22.783092,-43.4293599
TAUBATE - SP,-23.031448,-45.5612792
ACOPIARA - CE,-6.0936464,-39.4543204
BAURU - SP,-22.3218102,-49.0705863
BELEM - PA,-1.45056,-48.4682453
BATURITE - CE,-4.3290203,-38.8821055
PICOS - PI,-7.0823544,-41.4685053
PINHAIS - PR,-25.4443488,-49.1900307
MAGE - RJ,-22.6042779,-43.1081091
ITABAIANA - SE,-10.6856197,-37.4270517
SOLEDADE - PB,-7.058292,-36.366791
ITAPECERICA DA SERRA - SP,-23.7176303,-46.8492435
JUATUBA - MG,-19.954001,-44.3407921
SAO BENTO DO SUL - SC,-26.2483669,-49.3820672
FAZENDA RIO GRANDE - PR,-25.645841,-49.3126653
QUATRO BARRAS - PR,-25.3708987,-49.0745672
LUIS CORREIA - PI,-2.8818164,-41.6658458
ICARA - SC,-28.7116553,-49.2971441
CERQUILHO - SP,-23.1626556,-47.7433878
IPATINGA - MG,-19.4777807,-42.5270802
DIVINOPOLIS - MG,-20.1597921,-44.8739341
GUARUJA - SP,-23.9927768,-46.2558332
BAGE - RS,-31.3314264,-54.1062808
NOVA FRIBURGO - RJ,-22.3061661,-42.4934183
DIONISIO CERQUEIRA - SC,-26.2604681,-53.6346379
CAMPO GRANDE - MS,-20.4494839,-54.6081159
OURICURI - PE,-7.884432,-40.0833221
ARAGUAINA - TO,-7.193241,-48.2018597
NANUQUE - MG,-17.8393915,-40.3494631
BELA VISTA - MS,-22.107327,-56.5317344
OURO PRETO - MG,-20.385527,-43.5035214
PALHOCA - SC,-27.6447774,-48.6646323
INDAIATUBA - SP,-23.0908356,-47.2180677
ERECHIM - RS,-27.6350709,-52.2738654
ARARANGUA - SC,-28.9348832,-49.4858389
CABEDELO - PB,-6.97324,-34.8351609
BRUMADO - BA,-14.2025099,-41.6701307
SAO JOSE DE RIBAMAR - MA,-2.5609115,-44.0559509
ALMEIRIM - PA,-1.5290377,-52.5788111
SANTOS - SP,-23.9335988,-46.3286399
SAPIRANGA - RS,-29.6392382,-51.0068586
CAMPO LARGO - PR,-25.4361954,-49.435565
MOGI DAS CRUZES - SP,-23.5234284,-46.1926671
SOBRAL - CE,-3.6879135,-40.3456372
SINOP - MT,-11.857701,-55.4967824
FLORIANOPOLIS - SC,-27.5973002,-48.5496098
SAO JOSE DO BELMONTE - PE,-7.8641261,-38.7599545
JARINU - SP,-23.0949649,-46.7148565
MONGAGUA - SP,-24.0959454,-46.6234361
CAXIAS DO SUL - RS,-29.1685045,-51.1796385
PRESIDENTE LUCENA - RS,-29.517549,-51.179798
VOTUPORANGA - SP,-20.4252908,-49.972028
OSASCO - SP,-23.5324859,-46.7916801
ITAPERUNA - RJ,-21.215816,-41.879813
BARAO DE COTEGIPE - RS,-27.6214694,-52.3765316
LAVRAS DO SUL - RS,-30.8118057,-53.8982856
PORTO NACIONAL - TO,-10.7019786,-48.4110952
ALVORADA - RS,-29.9981184,-51.0772509
GRAVATAI - RS,-29.9440222,-50.9930938
BARUERI - SP,-23.5112184,-46.8764612
CANELA - RS,-29.3636094,-50.8096844
MARACANA - PA,-0.7666582,-47.4537818
BEBEDOURO - SP,-20.949077,-48.479083
GUARANTA - SP,-21.8950705,-49.590107
FLORESTAL - MG,-19.8878705,-44.4314766
BARBACENA - MG,-21.2254524,-43.7735087
VESPASIANO - MG,-19.6940958,-43.9186521
ALVORADA DO NORTE - GO,-14.483911,-46.4959897
PIRAPETINGA - MG,-21.656903,-42.345955
ALEGRETE - RS,-29.790166,-55.794862
FRANCO DA ROCHA - SP,-23.3328038,-46.724446
MANAUS - AM,-3.1316333,-59.9825041
ARAUCARIA - PR,-25.5861107,-49.4051209
IRATI - PR,-25.469663,-50.649287
NATAL - RN,-5.8193078,-35.2126281
SERRO - MG,-18.604444,-43.379445
SAO JOSE - SC,-27.6157733,-48.6276491
MARICA - RJ,-22.9088759,-42.8171914
PILAR DO SUL - SP,-23.8121684,-47.7201865
PETROPOLIS - RJ,-22.5075743,-43.1785356
BARRINHA - SP,-21.1898849,-48.1550642
TRINDADE - GO,-16.6549924,-49.4876203
CALDAS BRANDAO - PB,-7.1027959,-35.3254676
PORTO VELHO - RO,-8.7494525,-63.8735438
JACINTO - MG,-16.143722,-40.2914847
HORTOLANDIA - SP,-22.8620175,-47.2164219
AREIA BRANCA - RN,-4.9506652,-37.1263312
CUIABA - MT,-15.5986686,-56.0991301
JOAO PESSOA - PB,-7.1215981,-34.882028
SAO LUIS - MA,-2.5295265,-44.2963942
SANTA CRUZ DO SUL - RS,-29.714209,-52.4285807
FRANCISCO MORATO - SP,-23.2817308,-46.7448996
PIUMHI - MG,-20.4675258,-45.9576125
PORTO UNIAO - SC,-26.2336416,-51.082771
IMPERATRIZ - MA,-5.5269279,-47.478115
INDIANOPOLIS - MG,-19.0391972,-47.9178436
CABO DE SANTO AGOSTINHO - PE,-8.2466957,-34.99609
PAROBE - RS,-29.624257,-50.83118
MARILIA - SP,-22.2172002,-49.9500061
RIO BRANCO - AC,-9.9765362,-67.8220778
MORENO - PE,-8.108706,-35.08354
CRICIUMA - SC,-28.6789941,-49.3695627
MACAE - RJ,-22.2828305,-41.9649091
CUSTODIA - PE,-8.0860251,-37.6400307
VALENCA - BA,-13.3723582,-39.0694243
LAGARTO - SE,-10.914501,-37.6711105
JUSSIAPE - BA,-13.5176278,-41.5918835
HELIOPOLIS - BA,-10.6753416,-38.2815308
TRES LAGOAS - MS,-20.7866799,-51.7061247
SAO BERNARDO DO CAMPO - SP,-23.7080345,-46.5506747
SANTA BARBARA - MG,-19.959444,-43.415278
PALOTINA - PR,-24.2839929,-53.8405463
BOCAIUVA - MG,-17.1160208,-43.8122678
ANDRADINA - SP,-20.896505,-51.3742765
ESTEIO - RS,-29.8511627,-51.1778852
CANAA DOS CARAJAS - PA,-6.5296837,-49.8516592
SABARA - MG,-19.8900372,-43.8107916
NOVO HAMBURGO - RS,-29.6905705,-51.1429035
EMBU DAS ARTES - SP,-23.6495294,-46.8528497
RESENDE COSTA - MG,-20.921945,-44.237777
GOIANA - PE,-7.5617238,-34.9952357
JUNDIAI - SP,-23.1887668,-46.884506
TABOAO DA SERRA - SP,-23.6121912,-46.7790539
PORTO DE PEDRAS - AL,-9.1610263,-35.2969865
CHAPECO - SC,-27.0922364,-52.6166878
REMANSO - BA,-9.6179416,-42.0830557
SAO CRISTOVAO - SE,-11.0136465,-37.2071134
VAZANTE - MG,-17.9896107,-46.9003899
PARANAVAI - PR,-23.08165,-52.461724
SERRA NEGRA - SP,-22.6126459,-46.699986
VALPARAISO DE GOIAS - GO,-16.0929051,-47.9959572
ARRAIAL DO CABO - RJ,-22.9662839,-42.024427
LUIS ANTONIO - SP,-21.5456242,-47.7813726
PINDOBACU - BA,-10.7439121,-40.3619457
OSORIO - RS,-29.8890733,-50.2740498
IBIRITE - MG,-20.0214251,-44.0621506
CARIACICA - ES,-20.263202,-40.416549
SAO MATEUS - ES,-18.7146049,-39.8539499
JABOATAO DOS GUARARAPES - PE,-8.1752476,-34.9468716
REDENCAO - PA,-8.0299327,-50.0309543
RIO GRANDE DA SERRA - SP,-23.7441905,-46.3924746
NOSSA SENHORA DO SOCORRO - SE,-10.8553115,-37.1264863
SAO JOSE DO RIO PRETO - SP,-20.8125851,-49.3804212
TEFE - AM,-3.3485276,-64.7102278
ARARAQUARA - SP,-21.7886713,-48.1773096
NAVEGANTES - SC,-26.8898813,-48.6495828
ANGRA DOS REIS - RJ,-23.1555405,-44.2344809
URU - SP,-21.7846064,-49.2819702
CRUZEIRO DO SUL - AC,-7.6362478,-72.6691649
SANTANA DE PARNAIBA - SP,-23.4446715,-46.9167722
RESERVA - PR,-24.6545336,-50.8484432
JUINA - MT,-11.4230908,-58.7570212
TATUI - SP,-23.3489848,-47.8490165
SERRA DE SAO BENTO - RN,-6.4169271,-35.70478
COLOMBO - PR,-25.2925439,-49.2243472
LIMEIRA - SP,-22.5615068,-47.401766
ITANHAEM - SP,-24.1833421,-46.7896229
ITAPETINGA - BA,-15.2454478,-40.2460053
ITAPEVI - SP,-23.54888,-46.933889
SANTA MARIA - DF,-16.0171229,-48.0131328
FERRAZ DE VASCONCELO - SP,,
CAPELA DO ALTO - SP,-23.4704798,-47.7352309
NITEROI - RJ,-22.8884,-43.1147
FRAIBURGO - SC,-27.023288,-50.919978
ALMENARA - MG,-16.1753775,-40.6916675
PONTA GROSSA - PR,-25.0891685,-50.1601812
ITUIUTABA - MG,-18.9921507,-49.4455477
CAFEZAL DO SUL - PR,-23.900508,-53.512418
PARNAIBA - PI,-2.9147515,-41.7661953
URANDI - BA,-14.7680766,-42.6573988
PAULISTA - PE,-7.9340069,-34.868407
MAIRIPORA - SP,-23.3190348,-46.5876377
CONSELHEIRO LAFAIETE - MG,-20.6596107,-43.785743
ARAQUARI - SC,-26.3703324,-48.7210994
CAPARAO - MG,-20.5232726,-41.9049984
VERA CRUZ - RS,-29.7157235,-52.5007403
POCO BRANCO - RN,-5.6224378,-35.6615774
ORIXIMINA - PA,-1.7669992,-55.868285
LAURO DE FREITAS - BA,-12.89242,-38.3127691
IMBE - RS,-29.975269,-50.128068
UNAI - MG,-16.3628767,-46.892413
ALIANCA - PE,-7.6026425,-35.2263514
MINDURI - MG,-21.6817218,-44.6036995
IBAITI - PR,-23.8452962,-50.1905666
BIRIGUI - SP,-21.2908491,-50.34144
ATIBAIA - SP,-23.1177393,-46.5547861
SANTANA - BA,-12.979217,-44.05064
CASTANHAL - PA,-1.2927031,-47.9223903
JUAREZ TAVORA - PB,-7.1726926,-35.590804
SALTO - SP,-23.1989983,-47.2913682
CIDADE OCIDENTAL - GO,-16.1000758,-47.9445014
CORRENTE - PI,-10.3947466,-45.1168986
RIO BONITO - RJ,-22.7108378,-42.6271864
CACHOEIRAS DE MACACU - RJ,-22.4626861,-42.6534414
PARAUAPEBAS - PA,-6.0696846,-49.8903283
FERRAZ DE VASCONCELOS - SP,-23.541056,-46.37097
SARDOA - MG,-18.781716,-42.3652762
PAULO AFONSO - BA,-9.3991006,-38.226711
VALINHOS - SP,-22.97056,-46.99583
CAICO - RN,-6.4594544,-37.0971911
VILA VELHA - ES,-20.3297037,-40.2920174
JACAREI - SP,-23.3050682,-45.9723075
PIEDADE - SP,-23.7074096,-47.4252319
QUEIMADOS - RJ,-22.7156978,-43.555754
SAO CAETANO DO SUL - SP,-23.6195923,-46.5688323
CUBATAO - SP,-23.8857982,-46.4241869
BANDEIRANTES - PR,-23.107788,-50.370407
SAO LOURENCO DA MATA - PE,-7.9959607,-35.039335
PINDAMONHANGABA - SP,-22.9364,-45.4622602
SANTA BARBARA D' OESTE - SP,-22.7542539,-47.4137884
PETROLINA - PE,-9.3817334,-40.4968875
SAO MATEUS DO MARANHAO - MA,-4.0289169,-44.4667342
CAPIVARI DE BAIXO - SC,-28.449773,-48.963144
ELDORADO PAULISTA - SP,-24.3820267,-47.9261549
CIDREIRA - RS,-30.1657063,-50.218331
BURITICUPU - MA,-4.3227472,-46.4516989
TIMOTEO - MG,-19.5771395,-42.6436108
JAPERI - RJ,-22.6427642,-43.6533831
MONTE AZUL - MG,-15.1531999,-42.8711742
IJUI - RS,-28.3878734,-53.9201692
BARRA DO TURVO - SP,-24.756421,-48.5056942
LOANDA - PR,-22.9320944,-53.1352452
PRESIDENTE PRUDENTE - SP,-22.1225167,-51.3882528
ITAPETININGA - SP,-23.588607,-48.048326
PONTES E LACERDA - MT,-15.2315171,-59.3349512
MACEIO - AL,-9.6476843,-35.7339264
CAMPINORTE - GO,-14.3104574,-49.1552173
SAO GONCALO DO AMARANTE - RN,-5.7932331,-35.3286312
SANTANA DO LIVRAMENT - RS,,
PACO DO LUMIAR - MA,-2.5329055,-44.1591965
SUZANO - SP,-23.5427842,-46.3108391
BRUSQUE - SC,-27.0964628,-48.9136323
TIROS - MG,-19.003889,-45.963611
EUNAPOLIS - BA,-16.3766148,-39.586449
TRES PONTAS - MG,-21.3686224,-45.5122937
CABO FRIO - RJ,-22.8804369,-42.0189227
LADARIO - MS,-19.0036585,-57.6028285
CAETITE - BA,-14.0691776,-42.4852428
CAMPINA GRANDE DO SU - PR,,
SAO CARLOS - SP,-21.8788022,-47.8567619
SENHORA DE OLIVEIRA - MG,-20.793889,-43.344166
AGUAS LINDAS DE GOIAS - GO,-15.7392283,-48.2793357
BOM REPOUSO - MG,-22.4657069,-46.1485376
RIO DAS OSTRAS - RJ,-22.5269448,-41.944972
TOCANTINOPOLIS - TO,-6.3280931,-47.4217673
CARAZINHO - RS,-28.2981634,-52.7942363
GUAPIARA - SP,-24.18921,-48.529549
SANTA MARIA DA BOA VISTA - PE,-8.8001615,-39.8271099
APARECIDA DE GOIANIA - GO,-16.8226769,-49.2452546
GUARAPUAVA - PR,-25.3950986,-51.4622016
MEDICILANDIA - PA,-3.4438388,-52.8889236
SAO JOSE DO RIO PRET - SP,,
INHAPI - AL,-9.222095,-37.7480654
TIETE - SP,-23.1030302,-47.7147937
MANTENA - MG,-18.7809937,-40.9808279
ENGENHEIRO PAULO DE FRONTIN - RJ,-22.5504556,-43.6783403
FLORESTA - PE,-8.5969798,-38.5742878
POCO VERDE - SE,-10.7118367,-38.1748934
CAMPO LIMPO PAULISTA - SP,-23.207791,-46.788919
SAO PEDRO DO PARANA - PR,-22.8240967,-53.222755
RIO CLARO - RJ,-22.7229997,-44.1359986
MIRACEMA DO TOCANTINS - TO,-9.5617939,-48.3966536
SANTANA - AP,-0.0307068,-51.1789666
TUIUTI - SP,-22.819324,-46.6937627
ARMACAO DOS BUZIOS - RJ,-22.7597805,-41.8875267
POCOS DE CALDAS - MG,-21.7900318,-46.5647928
CAMACARI - BA,-12.6998188,-38.3260762
PASSO DE TORRES - SC,-29.325393,-49.7218979
GUARATINGUETA - SP,-22.8057839,-45.1908926
ITAGUARU - GO,-15.7613695,-49.6337242
IBIUNA - SP,-23.6544825,-47.220856
VALENTE - BA,-11.4127335,-39.4627304
TAMOIOS DISTRITO DE CABO FRIO - RJ,,
SANTA LUZIA - MG,-19.7702097,-43.8505291
TUTOIA - MA,-2.761413,-42.275531
BASTOS - SP,-21.9222474,-50.7317727
BEZERROS - PE,-8.2348359,-35.7481315
PRUDENTOPOLIS - PR,-25.203358,-50.9895774
GRAJAU - MA,-5.8154034,-46.1361454
CANINDE - CE,-4.3547946,-39.3108516
ABAETETUBA - PA,-1.7217787,-48.8788106
CARAUBAS - RN,-5.7889323,-37.5548751
TERESINA - PI,-5.0902277,-42.8129529
LINS - SP,-21.6741873,-49.7518932
BRAGANCA PAULISTA - SP,-22.9520235,-46.5418586
ALENQUER - PA,-1.946229,-54.738355
AMARGOSA - BA,-13.0302189,-39.6040692
TRAMANDAI - RS,-29.9855339,-50.1316076
CARAGUATATUBA - SP,-23.62028,-45.41306
ARARAS - SP,-22.3569192,-47.3838766
RIO GRANDE - RS,-32.0334252,-52.0991297
SAO LEOPOLDO - RS,-29.7544405,-51.1516497
SAO LUIS DO QUITUNDE - AL,-9.3181755,-35.5605097
FOZ DO IGUACU - PR,-25.5304023,-54.5830692
UBATUBA - SP,-23.433162,-45.083415
ALTO CAPARAO - MG,-20.4405661,-41.8683799
CAREIRO - AM,-3.8185277,-60.3616505
PARAISO DO TOCANTINS - TO,-10.1752474,-48.886759
CACHOEIRO DE ITAPEMIRIM - ES,-20.848084,-41.11129
DIANOPOLIS - TO,-11.624008,-46.819787
LAJEDO DO TABOCAL - BA,-13.4740649,-40.2195324
SAO PEDRO DA ALDEIA - RJ,-22.8384835,-42.1031604
SANTA RITA - PB,-7.128465,-34.9846186
MARACAS - BA,-13.4408898,-40.433052
VINHEDO - SP,-23.0298535,-46.9749847
SAO BORJA - RS,-28.6592237,-56.0044295
JARU - RO,-10.431826,-62.478769
PIRACICABA - SP,-22.725165,-47.6493269
CATANDUVA - SP,-21.1331035,-48.9712817
BENTO GONCALVES - RS,-29.1654014,-51.5197627
ARACOIABA DA SERRA - SP,-23.5045367,-47.6168158
MONTES CLAROS - MG,-16.7495727,-43.8687268
GAROPABA - SC,-28.0274798,-48.6240197
LONDRINA - PR,-23.3112878,-51.1595023
JAU - SP,-22.293585,-48.559193
ITABIRA - MG,-19.6190169,-43.226248
CACADOR - SC,-26.7737784,-51.0134844
FARROUPILHA - RS,-29.22647,-51.3468188
ALAGOINHAS - BA,-12.133526,-38.420772
JACAREZINHO - PR,-23.1590428,-49.9739664
ECOPORANGA - ES,-18.3720918,-40.8321351
PARANAGUA - PR,-25.5148822,-48.5226695
MARABA - PA,-5.3462821,-49.1007401
GOIANIRA - GO,-16.5001973,-49.4254788
CATALAO - GO,-18.1702546,-47.9447082
OURO FINO - MG,-22.283056,-46.369167
CORONEL FABRICIANO - MG,-19.5200067,-42.6282686
BARRA DO CHOCA - BA,-14.8638173,-40.5761637
BEBERIBE - CE,-4.1810469,-38.1298101
ADRIANOPOLIS - PR,-24.6557863,-48.9912769
APUCARANA - PR,-23.5525327,-51.4610764
CUPIRA - PE,-8.6053148,-35.9530366
VITORIA - ES,-20.3200917,-40.3376682
NOVA ODESSA - SP,-22.7805746,-47.2993805
VARZEA GRANDE - MT,-15.645816,-56.132218
RIO PARDO DE MINAS - MG,-15.6106289,-42.5387444
BOA VISTA - RR,2.8208478,-60.6719582
NOVA VENEZA - SC,-28.637371,-49.4997634
VIAMAO - RS,-30.0819338,-51.0261927
JATAI - GO,-17.8856178,-51.7202967
ITAPERUCU - PR,-25.2212291,-49.3458394
BALNEARIO PICARRAS - SC,-26.7638889,-48.6716667
ALTO ARAGUAIA - MT,-17.3156528,-53.2169365
SANTO AMARO - BA,-12.5519686,-38.7060448
SAO SEBASTIAO - DF,-15.9033774,-47.7717736
HUMAITA - AM,-7.5099404,-63.0248674
COROATA - MA,-4.1282283,-44.1360269
SENADOR SA - CE,-3.3528,-40.4644057
IRETAMA - PR,-24.4205941,-52.1013532
URUTAI - GO,-17.4640633,-48.2021071
SANTO ANTONIO DO MONTE - MG,-20.086944,-45.290555
VARZEA PAULISTA - SP,-23.2113889,-46.8283333
SANTO ANTONIO DO SUD - PR,-30.0600522,-51.203882
AGUA BOA - MT,-14.0522968,-52.1617625
COLORADO DO OESTE - RO,-13.117431,-60.545428
ROCHEDO - MS,-19.956488,-54.884769
GUARATUBA - PR,-25.8806192,-48.5750905
ITURAMA - MG,-19.7272733,-50.193488
OURO BRANCO - MG,-20.5222413,-43.6917283
URUGUAIANA - RS,-29.7560726,-57.0867546
TAPEROA - BA,-13.537364,-39.0986529
ITABUNA - BA,-14.793173,-39.2750341
BENJAMIN CONSTANT - AM,-4.3782748,-70.0290603
RESTINGA SECA - RS,-29.8145611,-53.3734546
ESPIGAO D&#039
GOUVEIA - MG,-18.4545728,-43.7415904
ASSIS CHATEAUBRIAND - PR,-24.4054826,-53.5120468
BRASILIA/ TAGUATINGA - DF,-15.8235031,-48.0657448
ESPIRITO SANTO DO PINHAL - SP,-22.1929522,-46.7470021
ITATIBA - SP,-23.0055542,-46.8397726
ITABERA - SP,-23.8621345,-49.1398926
PARAGUACU PAULISTA - SP,-22.4203497,-50.5792099
BOA ESPERANCA - ES,-18.5395472,-40.2904088
AUTAZES - AM,-3.5833283,-59.1301518
GAUCHA DO NORTE - MT,-13.18136,-53.2543946
BARREIRAS - BA,-12.1440031,-44.9967406
ITAQUAQUECETUBA - SP,-23.4754492,-46.3514033
MATINHOS - PR,-25.8187096,-48.534204
POSSE - GO,-14.0835852,-46.3563185
ALTO PARANA - PR,-23.131247,-52.318893
PIRAQUARA - PR,-25.4423273,-49.0604473
TANGUA - RJ,-22.7353777,-42.7202272
AQUIDAUANA - MS,-20.473969,-55.7821375
BUJARI - AC,-9.8309656,-67.9520886
ULIANOPOLIS - PA,-3.7575266,-47.5009377
SAO VICENTE - SP,-23.9664177,-46.3861401
CAMPOS DOS GOYTACAZES - RJ,-21.7546,-41.3242
PALMAS - PR,-26.483868,-51.988812
DIAMANTINA - MG,-18.2440862,-43.6006487
CESARIO LANGE - SP,-23.226035,-47.954453
CAMPOS DO JORDAO - SP,-22.738299,-45.5903769
BREJETUBA - ES,-20.1465817,-41.2902303
SALGUEIRO - PE,-8.0726731,-39.1269719
TOLEDO - PR,-24.7222438,-53.7402476
AVARE - SP,-23.1045215,-48.9259103
CASIMIRO DE ABREU - RJ,-22.4756154,-42.1522235
UNIAO DOS PALMARES - AL,-9.1576807,-36.0342251
RIO NEGRINHO - SC,-26.259075,-49.517746
PRAIA GRANDE - SP,-24.008979,-46.4144939
TEOFILO OTONI - MG,-17.8579267,-41.5081533
FORQUILHINHA - SC,-28.7487602,-49.4737661
SANTO ANTONIO DO ARACANGUA - SP,-20.864,-50.5676414
POMPEU - MG,-19.218611,-45.002778
LINHARES - ES,-19.3796775,-40.0610087
CAPIVARI DO SUL - RS,-30.1437605,-50.5129169
PLANALTINA DO PARANA - PR,-23.0228724,-52.9160307
ALVINOPOLIS - MG,-20.1105199,-43.0601805
SERRA REDONDA - PB,-7.1867108,-35.679795
SAO ROQUE - SP,-23.5304843,-47.1355473
CURITIBA - MA,-5.7210847,-46.6235423
MISSAO VELHA - CE,-7.248491,-39.1434843
NOVA ESPERANCA - PR,-23.1818437,-52.1999852
MARIANA - MG,-20.3781468,-43.4174862
PONTE NOVA - MG,-20.4164353,-42.90878
BARRA DO RIBEIRO - RS,-30.2925989,-51.3033906
ITAPIRA - SP,-22.436111,-46.821667
BREU BRANCO - PA,-3.7785073,-49.5684795
MARICA - RJ - RJ,-22.9088759,-42.8171914
SENADOR CANEDO - GO,-16.7013233,-49.0914921
MANGARATIBA - RJ,-22.9415964,-44.1181916
JANUARIA - MG,-15.4875,-44.361111
CATUIPE - RS,-28.255356,-54.013215
MARINGA - PR,-23.425269,-51.9382078
ITAIBA - PE,-8.94675,-37.421188
JURUAIA - MG,-21.252778,-46.577223
SAO FRANCISCO DE ITA - RJ,,
COCALZINHO DE GOIAS - GO,-15.7762854,-48.7730427
ITUMBIARA - GO,-18.4135862,-49.2172596
ALFENAS - MG,-21.4297405,-45.9479419
PARA DE MINAS - MG,-19.8668656,-44.5912664
CAMPO ALEGRE DE GOIAS - GO,-17.6337896,-47.779291
CAJAMAR - SP,-23.3561111,-46.8769444
SETE LAGOAS - MG,-19.466111,-44.246944
CAPAO BONITO - SP,-24.0048759,-48.3489848
BOM JESUS - PI,-9.0711644,-44.3583926
MONTIVIDIU - GO,-17.450464,-51.1737162
CONCEICAO DO CASTELO - ES,-20.3601311,-41.2470343
SANTO ANTONIO DE JES - BA,,
ALEXANIA - GO,-16.0834049,-48.5077803
CRATEUS - CE,-5.1782451,-40.6696545
ROSARIO DO SUL - RS,-30.2527151,-54.9179382
INDAIAL - SC,-26.8901747,-49.2416736
CACHOEIRO DE ITAPEMI - ES,,
LAGOA DO CARRO - PE,-7.843834,-35.310783
BREVES - PA,-1.68036,-50.479085
COMENDADOR LEVY GASP - RJ,,
ESCADA - PE,-8.3623847,-35.2366232
LAPA - PR,-25.76709,-49.716777
IBIPORA - PR,-23.2684137,-51.0475907
AMPARO - SP,-22.70111,-46.76444
SANTA INES - MA,-3.6647821,-45.3826869
BOM CONSELHO - PE,-9.169191,-36.685683
ALFREDO WAGNER - SC,-27.6961513,-49.3326734
GRAMADO - RS,-29.3792858,-50.8737019
ABREU E LIMA - PE,-7.900719,-34.898389
NOVA SERRANA - MG,-19.875834,-44.984166
JOAO PINHEIRO - MG,-17.742777,-46.175278
CAIBATE - RS,-28.287909,-54.64027
GOIATUBA - GO,-18.0154577,-49.3640591
ANDIRA - PR,-23.0494761,-50.2310027
MOGI GUACU - SP,-22.372222,-46.9425
BOTUCATU - SP,-22.8879628,-48.4410712
LAURENTINO - SC,-27.2193231,-49.7322856
FREDERICO WESTPHALEN - RS,-27.35711,-53.3964117
SAO BENTO - PB,-6.4859187,-37.4469328
MAIRINQUE - SP,-23.5401247,-47.1846323
OIAPOQUE - AP,3.8432128,-51.8350798
ARAPONGAS - PR,-23.4152862,-51.4293961
PLANALTINA - GO,-15.4571536,-47.6089024
VITORIA DE SANTO ANTAO - PE,-8.1209019,-35.2944858
VARZEA DA ROCA - BA,-11.606293,-40.134634
CRAVINHOS - SP,-21.340278,-47.729444
SAPEZAL - MT,-13.547958,-58.8146235
ARUJA - SP,-23.396266,-46.3175449
LORENA - SP,-22.7367652,-45.1070876
AGUAS LINDAS DE GOIA - GO,,
SERTAOZINHO - SP,-21.1375782,-47.9913741
ARAIOSES - MA,-2.890914,-41.904993
GUAPIMIRIM - RJ,-22.5266308,-42.9790687
UMUARAMA - PR,-23.7621152,-53.3116192
ARAGUARI - MG,-18.6511256,-48.1933764
ANGICOS - RN,-5.6666344,-36.6009064
MACEDONIA - SP,-20.1454034,-50.193911
LAVRAS - MG,-21.2425512,-44.9991978
BALSAS - MA,-7.53214,-46.037163
GUARA - SP,-20.4290496,-47.8250067
OURILANDIA DO NORTE - PA,-6.748975,-51.0788476
PARAGOMINAS - PA,-2.99564,-47.3548942
FORMOSA DO OESTE - PR,-24.2966562,-53.312801
CIANORTE - PR,-23.662036,-52.6103989
POA - SP,-23.5249082,-46.3445663
SAO FRANCISCO DO GUAPORE - RO,-12.7882058,-63.0144263
LAGO DA PEDRA - MA,-4.5627272,-45.1298628
CAMANDUCAIA - MG,-22.755278,-46.144444
PARACAMBI - RJ,-22.6109158,-43.7096912
SAO JOAQUIM DE BICAS - MG,-20.0489052,-44.2731691
CERES - GO,-15.3103568,-49.6032054
RIO AZUL - PR,-25.726644,-50.790534
LUZIMANGUES PORTO NA - TO,-10.1736016,-48.4598502
CAMBE - PR,-23.2782035,-51.2779583
SANTAREM - PA,-2.438489,-54.699611
LAJEADO - RS,-29.4671522,-51.9624046
RINOPOLIS - SP,-21.728308,-50.7226134
SAO SEBASTIAO - SP,-23.8027866,-45.4070527
BARIRI - SP,-22.0746355,-48.7394852
MONTE MOR - SP,-22.945043,-47.312182
PATOS DE MINAS-MG - MG,-18.5974894,-46.5233256
ALTAMIRA - PA,-3.204065,-52.209961
MANDIRITUBA - PR,-25.7772457,-49.3279107
URUCUIA - MG,-16.1266994,-45.7393046
JABOTICABAL - SP,-21.252037,-48.325223
BOM JESUS DO ITABAPOANA - RJ,-21.1351354,-41.6798294
CONTENDA - PR,-25.678811,-49.535044
CATAGUASES - MG,-21.387426,-42.6957219
PEDRO LEOPOLDO - MG,-19.617778,-44.043055
PORTO SEGURO - BA,-16.443473,-39.064251
BURITIS - RO,-10.2054937,-63.8281954
ENCRUZILHADA - BA,-15.5317004,-40.909007
ACAJUTIBA - BA,-11.6609659,-38.0186381
RIACHO DE SANTANA - BA,-13.6100985,-42.9355254
PARANAPANEMA - SP,-23.390161,-48.720868
BARRA DO CORDA - MA,-5.496823,-45.248496
PONTAL DO PARANA - PR,-25.574765,-48.3614806
HORIZONTINA - RS,-27.627931,-54.3090256
CAPITAO POCO - PA,-1.7447162,-47.0638495
SANGAO - SC,-28.6397512,-49.1266106
CAIEIRAS - SP,-23.3644621,-46.7484765
CASCAVEL - PR,-24.9554996,-53.4560544
SALVATERRA - PA,-0.758444,-48.513921
TEOTONIO VILELA - AL,-9.9062736,-36.3571341
ITUETA - MG,-19.3962456,-41.2263075
MEDIANEIRA - PR,-25.2954233,-54.0940666
ORINDIUVA - SP,-20.1819444,-49.3508333
TUPACIGUARA - MG,-18.5937278,-48.6976709
GUARA - DF,-15.8235629,-47.9768165
IGUATU - CE,-6.361934,-39.2972233
ARCOS - MG,-20.282223,-45.539444
POCONE - MT,-16.2578606,-56.633926
PARNAMIRIM - RN,-5.9153334,-35.2679913
SANTANA DO LIVRAMENTO - RS,-30.8894097,-55.5317694
VALENCA - RJ,-22.2461028,-43.6996917
CAMPOS BELOS - GO,-13.0349839,-46.768112
POTIRAGUA - BA,-15.5949961,-39.8758439
NOVA ANDRADINA - MS,-22.2477565,-53.3480621
ITACOATIARA - AM,-3.1477898,-58.4461041
PIRACAIA - SP,-23.052545,-46.359374
CAMETA - PA,-2.242949,-49.497885
PLANALTINA DF - DF,-15.6181947,-47.6555703
SAO RAIMUNDO NONATO - PI,-9.0149761,-42.6888427
GROAIRAS - CE,-3.9157768,-40.3855093
PARIQUERA-ACU - SP,-24.7146891,-47.8802361
GUARAMIRIM - SC,-26.4744805,-48.9981151
SANTIAGO - RS,-29.189675,-54.866624
TUPA - SP,-21.9349129,-50.5141255
LAGUNA - SC,-28.4837443,-48.7816572
CERRO LARGO - RS,-28.147498,-54.7383681
BARCARENA - PA,-1.5107945,-48.6190679
LAGOA SANTA - MG,-19.6357376,-43.8966132
QUARAI - RS,-30.3818093,-56.4526576
ITAMBE - BA,-15.2435245,-40.6269506
SAO SEBASTIAO DO PARAISO - MG,-20.9124331,-46.9823296
BOM JESUS DA LAPA - BA,-13.2498754,-43.4101019
CLARAVAL - MG,-20.4019611,-47.2851534
SAO FRANCISCO - SP,-20.3604438,-50.696603
SAO JOSE DO EGITO - PE,-7.469447,-37.273974
IGARAPE - MG,-20.068789,-44.3017439
TIMON - MA,-5.1004341,-42.8312018
ITAOCARA - RJ,-21.6765,-42.0815
AGUDO - RS,-29.6423259,-53.2494005
PORTO ALEGRE - SC,-26.3635432,-48.7339614
BERTIOGA - SP,-23.848568,-46.139586
BACABAL - MA,-4.2318132,-44.781167
MENDES - RJ,-22.5269113,-43.7332604
GUARDA-MOR - MG,-17.7698233,-47.0986827
JANDIRA - SP,-23.5282246,-46.902003
DOUTOR ULYSSES - PR,-24.5661713,-49.4203013
PRATA - MG,-19.307222,-48.923889
ILHABELA - SP,-23.816628,-45.368685
LEBON REGIS - SC,-26.927987,-50.692109
JUAZEIRO - BA,-9.4336959,-40.5068201
MAFRA - SC,-26.1150943,-49.8035982
JURIPIRANGA - PB,-7.3743307,-35.2396
PINTOPOLIS - MG,-16.0572809,-45.1466972
BRASILIA/ SAO SEBASTIAO - DF,-15.8918245,-47.7801433
VITORIA DE SANTO ANT - PE,,
CABROBO - PE,-8.5083701,-39.3106961
CARNEIRINHO - MG,-19.6975,-50.688055
ITAGIBA - BA,-14.2891521,-39.8452592
SAO JOSE DO VALE DO RIO PRETO - RJ,-22.1509994,-42.9239986
TANQUE NOVO - BA,-13.5474243,-42.4907587
CAMPO BELO - MG,-20.8975,-45.277223
SAQUAREMA-RJ - RJ,-22.8990198,-42.4749867
TEIXEIRA - PB,-7.221036,-37.252477
JUNQUEIRO - AL,-9.9201549,-36.474737
TERRA DE AREIA - RS,-29.5789455,-50.06336
CANSANCAO - BA,-10.6672695,-39.4973404
DUERE - TO,-11.341631,-49.271566
CANELINHA - SC,-27.2660341,-48.7666708
JAGUARIAIVA - PR,-24.2589699,-49.7201518
SENHOR DO BONFIM - BA,-10.4602509,-40.189151
MIRASSOL - SP,-20.8141411,-49.507449
PIATA - BA,-13.1535638,-41.7743761
SAO GABRIEL DA CACHO - AM,,
PORTO FELIZ - SP,-23.2110713,-47.5247163
SAO MIGUEL DO OESTE - SC,-26.7278977,-53.5176689
CAMPO MAIOR - PI,-4.8339574,-42.1739786
LAGOA GRANDE - MG,-17.836111,-46.517223
ARACATUBA - SP,-21.207992,-50.4390225
SANTO AUGUSTO - RS,-27.852577,-53.777605
MARACAJA - SC,-28.8628566,-49.449388
JEREMOABO - BA,-10.0754034,-38.347896
GUAIUBA - CE,-4.0412656,-38.6369079
IBICUITINGA - CE,-4.9751759,-38.6368754
RIO CLARO - SP,-22.4100108,-47.5603933
MOGI MIRIM - SP,-22.433123,-46.958246
AXIXA DO TOCANTINS - TO,-5.612747,-47.77007
DAVINOPOLIS - MA,-5.5265775,-47.3942217
JABOATAO DOS GUARARA - PE,,
MUNIZ FERREIRA - BA,-13.0012551,-39.1102126
GIRAU DO PONCIANO - AL,-9.884041,-36.831592
FORMIGA - MG,-20.4648425,-45.4266753
MANHUACU - MG,-20.2574434,-42.0340769
SANTA LUZIA DO PARUA - MA,-2.5440662,-45.775757
CAMPO REDONDO - RN,-6.2420373,-36.1830606
COLATINA - ES,-19.5346732,-40.6287836
ALTONIA - PR,-23.8722004,-53.894037
CARPINA - PE,-7.8459105,-35.2538861
IBITINGA - SP,-21.75623,-48.831903
PARATY - RJ,-23.2196461,-44.7154196
CHAPADAO DO CEU - GO,-18.3951972,-52.6670783
SAO JOAO DA BOA VISTA - SP,-21.9687099,-46.7969216
PINDORETAMA - CE,-4.0265183,-38.3066829
BARREIRINHA - AM,-2.798863,-57.067897
MATA DE SAO JOAO - BA,-12.530685,-38.300898
VARJAO DE MINAS - MG,-18.3791473,-46.030627
MINEIROS - GO,-17.5653879,-52.5536721
SAO GABRIEL DO OESTE - MS,-19.3944843,-54.5755213
ELDORADO DO SUL - RS,-29.9976311,-51.3063965
IGARASSU - PE,-7.8354423,-34.9061125
OURINHOS - SP,-22.9777918,-49.868204
RIO DO SUL - SC,-27.2162607,-49.643654
CACAPAVA DO SUL - RS,-30.5113286,-53.4916761
SIMOES FILHO - BA,-12.7867839,-38.4030365
COLINA - SP,-20.711443,-48.53867
CABO VERDE - MG,-21.4743338,-46.3964995
ALVARAES - AM,-3.2155787,-64.8148327
REGISTRO - SP,-24.497942,-47.844895
JACIARA - MT,-15.9520115,-54.9762106
CRISTALANDIA DO PIAUI - PI,-10.7585739,-45.1029951
IUNA - ES,-20.3427029,-41.5360386
ARTUR NOGUEIRA - SP,-22.572737,-47.172679
RIO DAS PEDRAS - SP,-22.8441256,-47.6065667
VOTORANTIM - SP,-23.5383101,-47.4422496
PEDERNEIRAS - SP,-22.351086,-48.778113
SAO LOURENCO - MG,-22.116389,-45.054167
CARUTAPERA-MA - MA,-1.2016638,-46.0205618
CRUZEIRO - SP,-22.5783685,-44.9642044
TUBARAO - SC,-28.471488,-49.014132
AQUIRAZ - CE,-3.9063117,-38.387504
ESPLANADA - BA,-11.800614,-37.9453
VARGEM GRANDE PAULISTA - SP,-23.599338,-47.022038
FERNANDOPOLIS - SP,-20.2825647,-50.2500762
MATEUS LEME - MG,-19.986666,-44.428056
GUAMARE - RN,-5.1075611,-36.3195361
FORMOSA - GO,-15.5492443,-47.3301212
UBARANA - SP,-21.1637674,-49.7167796
CARUTAPERA - MA,-1.2016638,-46.0205618
ITAGUAI - RJ,-22.8122697,-43.823563
COIMBRA - MG,-20.8563255,-42.8026943
SANTO ANTONIO DE PADUA - RJ,-21.539,-42.1816
ITAQUAQUECETUBA - SP - SP,-23.4754492,-46.3514033
TAMBORIL - CE,-4.8330075,-40.3210323
PORTO XAVIER - RS,-27.3312147,-55.51659
GOVERNADOR EDISON LOBAO - MA,-5.7456705,-47.363091
HIDROLANDIA - GO,-16.9671342,-49.22826
ESTREITO - MA,-6.5583016,-47.4432212
PAUDALHO - PE,-7.90287,-35.171639
PESQUEIRA - PE,-8.3574471,-36.6968238
ACU - RN,-5.5836157,-36.9139541
CANINDE DE SAO FRANC - SE,,
CASSILANDIA - MS,-19.1128242,-51.7345354
MUCURI-ITABATA - BA,-18.0051475,-39.8610139
PATROCINIO PAULISTA - SP,-20.6383609,-47.2801241
ESMERALDAS - MG,-19.7613111,-44.3145945
PINHEIRAL - RJ,-22.5129436,-44.001435
JURUENA - MT,-10.3282716,-58.4968918
GUARABIRA - PB,-6.8513982,-35.4915582
MORRO AGUDO - SP,-20.7276692,-48.052795
PIANCO - PB,-7.1987413,-37.9255755
DISTRITO DE GUARDINHA/ SAO SEB - MG,,
CHAPADINHA - MA,-3.7416803,-43.3548006
ARACI - BA,-11.3390214,-38.9586849
BOM JESUS DO ARAGUAI - MT,,
CANDIOTA - RS,-31.5240806,-53.7049103
JOAO LISBOA - MA,-5.44363,-47.406388
PONTO BELO - ES,-18.1227076,-40.5392272
ITAPEVA - SP,-23.9849105,-48.8803886
BALNEARIO PINHAL - RS,-30.2482237,-50.2339198
TURVO - SC,-28.9277445,-49.6792206
ARACUAI - MG,-16.8484451,-42.0661868
SAQUAREMA - RJ,-22.9257974,-42.507633
SAO FRANCISCO - MG,-15.948889,-44.864444
BARROLANDIA - TO,-9.837246,-48.7264346
GUAIBA / RS - RS,-30.1130731,-51.329442
MARACACUME - MA,-2.049177,-45.958734
IPORA - GO,-16.4407981,-51.1181188
MALHADOR - SE,-10.6588623,-37.3085558
CAUCAIA - CE,-3.7300563,-38.6593082
PEDRA DOURADA - MG,-20.8317801,-42.1554636
ITAPORANGA - SP,-23.7066252,-49.4895934
NOVO HORIZONTE DO NORTE - MT,-11.3904019,-57.3159067
SAO LUIZ GONZAGA - RS,-28.4074546,-54.9609081
CRUZ ALTA - RS,-28.645056,-53.6058047
BUERAREMA - BA,-14.9584826,-39.3010861
ITAMARAJU - BA,-17.0340092,-39.5315525
PIRAI - RJ,-22.6550812,-43.9193061
SANTO ESTEVAO - BA,-12.4329213,-39.2563503
ITUPEVA - SP,-23.1531055,-47.0580347
XINGUARA - PA,-7.0998514,-49.9416632
GUARIBA - SP,-21.35938,-48.23158
CURVELO - MG,-18.7571926,-44.4305993
NOVA SANTA ROSA - PR,-24.468132,-53.9547649
ORLEANS - SC,-28.3572698,-49.2872434
ITAMONTE - MG,-22.2830726,-44.8695785
PADRE BERNARDO - GO,-15.1676411,-48.2840561
SENADOR GUIOMARD - AC,-10.150919,-67.73595
MOZARLANDIA - GO,-14.7457049,-50.5713211
GRAVATAL - SC,-28.3300703,-49.0362296
DOM PEDRITO - RS,-30.983755,-54.6746483
ALAGOA GRANDE - PB,-7.0415212,-35.6285322
GURUPI - TO,-11.72794,-49.068046
SAO GABRIEL - RS,-30.334214,-54.3227149
ASSARE - CE,-6.8746791,-39.8741385
SAO FRANCISCO DE ITABAPOANA - RJ,-21.4537438,-41.1452982
ABADIA DOS DOURADOS - MG,-18.4911191,-47.4063589
CALDAS NOVAS - GO,-17.745,-48.625
BRASIL NOVO - PA,-3.3055853,-52.539198
JUARA - MT,-11.2535587,-57.5080072
ITAPOLIS - SP,-21.5958368,-48.8122696
TAQUARA - RS,-29.6452036,-50.7832169
ITAUNA - MG,-20.075556,-44.576389
BARCELOS - AM,-0.9729214,-62.925635
ARACARIGUAMA - SP,-23.4388277,-47.0613084
SAO SIMAO - GO,-18.9939882,-50.5463828
LUCAS DO RIO VERDE - MT,-13.0664609,-55.9196711
BOM JESUS DAS SELVAS - MA,-4.4878075,-46.8526639
BARRA DOS COQUEIROS - SE,-10.9075694,-37.0386249
ANANINDEUA - PA,-1.374035,-48.4016623
SERRINHA - BA,-11.66199,-39.0034021
FEIJO - AC,-8.1648652,-70.3539579
BOM JESUS DE GOIAS - GO,-18.2174587,-49.739721
CAPAO DA CANOA - RS,-29.7508278,-50.0210729
CASA NOVA - BA,-9.1736775,-40.9734475
CAMARAGIBE - PE,-8.0213832,-34.9810768
SAO GONCALO DO RIO A - MG,-19.7503422,-43.3713299
TURIUBA - SP,-20.9491284,-50.1082011
PITANGUEIRAS - SP,-21.013203,-48.220951
TUCUMA - PA,-6.7517239,-51.1507941
SAO FELIX DO XINGU - PA,-6.6386974,-51.9787582
CAPINOPOLIS - MG,-18.682778,-49.569723
MARAU - RS,-28.4493053,-52.2002156
GUAJARA-AM - AM,-7.5455927,-72.5832769
TIBAU - RN,-4.8349636,-37.2542651
NOSSA SENHORA DA GLORIA - SE,-10.2188811,-37.4199759
MATOZINHOS - MG,-19.5576547,-44.0816035
BARROCAS - BA,-11.5338665,-39.0802106
ALEM PARAIBA - MG,-21.8760576,-42.6810473
CASTELO - ES,-20.6022098,-41.2032124
CATUJI - MG,-17.3023659,-41.5166395
SALVADOR DAS MISSOES - RS,-28.1232686,-54.8354107
TEIXEIRA DE FREITAS - BA,-17.5384774,-39.7451701
CENTRAL - BA,-11.1338739,-42.1095822
CAPIM GROSSO - BA,-11.379428,-40.0115228
HORIZONTE - CE,-4.0964618,-38.4965574
JUAZEIRO DO NORTE - CE,-7.2153453,-39.3153336
MOSSORO - RN,-5.1904332,-37.3443872
ARACRUZ - ES,-19.8245218,-40.2735025
ROSARIO - MA,-2.9405903,-44.2491088
GUARAPARI - ES,-20.6718755,-40.4984617
VITORIA DAS MISSOES - RS,-28.3525794,-54.4995706
GOVERNADOR VALADARES - MG,-18.8698882,-41.9459383
SAO PEDRO DOS FERROS - MG,-20.1706687,-42.522901
GARUVA - SC,-26.0294904,-48.8545202
TAILANDIA - PA,-2.936096,-48.9523366
SAO FIDELIS - RJ,-21.6467054,-41.7463412
BAYEUX - PB,-7.1301631,-34.936532
RONDONOPOLIS - MT,-16.4603533,-54.6397099
GIRUA - RS,-28.0299396,-54.3506855
SAO SEBASTIAO DO PASSE - BA,-12.5177926,-38.4921566
ITAPITANGA - BA,-14.4213865,-39.5664662
CARAI - MG,-17.1884104,-41.6976554
PRESIDENTE DUTRA - MA,-5.289801,-44.49498
ITABIRITO - MG,-20.2519724,-43.8029171
VILHENA - RO,-12.7368536,-60.1465555
ESTANCIA VELHA - RS,-29.6529666,-51.1719687
GUARANI DAS MISSOES - RS,-28.1445277,-54.5570355
ITAOBIM - MG,-16.5614934,-41.502275
LARANJEIRAS DO SUL - PR,-25.4073197,-52.4150132
BARROS CASSAL - RS,-29.094938,-52.5832366
CURUCA - PA,-0.7220333,-47.8650027
ROLANDIA - PR,-23.3119901,-51.3674145
CANTA - RR,2.60994,-60.605827
TUCURUI - PA,-3.766334,-49.6663654
NOSSA SENHORA DO SOC - SE,,
ITAPEVA - MG,-22.7690638,-46.221934
ITAPARICA - BA,-12.8936023,-38.6798141
MARECHAL CANDIDO RON - PR,,
MATUPA - MT,-10.1683242,-54.9346194
PORTO BELO - SC,-27.1542415,-48.5424395
ALTINHO - PE,-8.4904095,-36.0607494
CRAIBAS - AL,-9.6167979,-36.7684602
ARACAS - BA,-12.2126783,-38.2006231
GUAIBA - RS,-30.1130731,-51.329442
ALTO ALEGRE DOS PARE - RO,,
SANTO ANTONIO DAS MISSOES - RS,-28.5117897,-55.2290047
CARDOSO MOREIRA - RJ,-21.4884962,-41.6176928
VICOSA - MG,-20.7538586,-42.8815888
ELISEU MARTINS - PI,-7.9397502,-43.6592194
SANTO ANTONIO DAS MI - RS,,
JARAGUA - GO,-15.7528866,-49.3344033
CALDAS - MG,-21.923611,-46.386111
VENDA NOVA DO IMIGRA - ES,,
CAMPOS NOVOS - SC,-27.3962904,-51.2224397
SAO FRANCISCO DO CON - BA,,
CAMBORIU - SC,-27.0273601,-48.6535657
ENTRE-IJUIS - RS,-28.361628,-54.2670019
SAO SEBASTIAO DO CAI - RS,-29.5911777,-51.3778772
SURUBIM - PE,-7.8424353,-35.7539722
SANTANA DOS MONTES - MG,-20.7875735,-43.6910376
CARUARU - PE,-8.2829702,-35.9722852
MAUA DA SERRA - PR,-23.9045517,-51.2261166
CEARA-MIRIM - RN,-5.633588,-35.4248407
BOM DESPACHO - MG,-19.7375242,-45.2517288
GOVERNADOR EUGENIO B - MA,-5.3200262,-44.2440583
CONCEICAO DE MACABU - RJ,-22.1618951,-41.8806433
CAREIRO DA VARZEA - AM,-3.197024,-59.8259104
PALMEIRAIS - PI,-5.9761427,-43.0637158
TRACUATEUA - PA,-1.0765338,-46.9030822
PAULINIA - SP,-22.7630391,-47.1532213
MACAIBA - RN,-5.8561372,-35.3523774
LOUVEIRA - SP,-23.08639,-46.95056
IPOJUCA - PE,-8.3980773,-35.0611068
TERRA NOVA - PE,-8.2249522,-39.3844637
MOCOCA - SP,-21.464731,-47.002405
QUERENCIA - MT,-12.5944625,-52.2088505
BOQUIM - SE,-11.1450175,-37.6204228
EUGENOPOLIS - MG,-21.097549,-42.1853298
SANTA CRUZ CABRALIA - BA,-16.2783928,-39.0224899
CONCEICAO DA FEIRA C - BA,-12.5013001,-39.0002166
CURIONOPOLIS - PA,-6.0990443,-49.6059039
ARARUAMA - RJ,-22.7446908,-42.3231292
ANCHIETA - ES,-20.8057672,-40.6454564
FRUTA DE LEITE - MG,-16.1169,-42.5278
CUMARU - PE,-8.0065285,-35.6991651
CURRAIS NOVOS - RN,-6.2626676,-36.5173039
NOBRES - MT,-14.7196233,-56.3351314
JACUNDA - PA,-4.446173,-49.115272
BALDIM - MG,-19.2913568,-43.9558262
MANICORE - AM,-5.804618,-61.289483
MOJU - PA,-1.889926,-48.766765
JAGUARIPE - BA,-13.1147557,-38.8944977
SAO MICOLAU - RS,,
SIMONESIA - MG,-20.1233838,-42.0024294
RIO PIRACICABA - MG,-19.928889,-43.173889
CONCORDIA DO PARA - PA,-1.9924056,-47.9450474
MORRETES - PR,-25.4768503,-48.8322501
CARATINGA - MG,-19.7900887,-42.140533
ARROIO GRANDE - RS,-32.2384246,-53.0866661
QUITANDINHA - PR,-25.8737269,-49.4977717
SERRANA - SP,-21.2066883,-47.6053774
TUNEIRAS DO OESTE - PR,-23.8672329,-52.8749376
RIO BRILHANTE - MS,-21.8046467,-54.5433047
EMBU GUACU - SP,-23.8317997,-46.8156204
GUAPO - GO,-16.8308602,-49.5343721
RUBIATABA - GO,-15.1629793,-49.8005102
NILO PECANHA - BA,-13.6015675,-39.1043356
PERPETUO SOCORRO - MG,-19.2762321,-42.3911265
RIO DE JANEIRO A - RJ,-22.9110137,-43.2093727
BARRA DE SANTO ANTON - AL,,
SANTA CLARA DO SUL - RS,-29.4686024,-52.0868635
PRESIDENTE GETULIO - SC,-27.0426247,-49.6210429
VIDAL RAMOS - SC,-27.3908814,-49.3615664
SAO JOSE DO RIO PARD0 - SP,,
MOMBUCA - SP,-22.9293093,-47.5650724
PASSO DE CAMARAGIBE - AL,-9.2367833,-35.4901015
LAGOA VERMELHA - RS,-28.2087034,-51.527499
LAGES - SC,-27.8165664,-50.325883
CASTRO - PR,-24.794072,-49.9972914
TORRES - RS,-29.3373663,-49.7299648
UAUA - BA,-9.8414206,-39.4819878
GUAXUPE - MG,-21.3087615,-46.7190609
BRASILIA DF - DF,-15.7508868,-47.9250462
SANTANA DO PARAISO - MG,-19.3652914,-42.5494833
SENTO SE - BA,-9.7406436,-41.8830056
MINEIROS DO TIETE - SP,-22.4133188,-48.450554
BELO JARDIM - PE,-8.3338293,-36.4176419
SAO SEBASTIAO DO OESTE - MG,-20.274723,-45.003611
CENTRO - RJ,-22.9080777,-43.1790268
FRUTAL - MG,-20.0220064,-48.9280076
TIJUCAS - SC,-27.239404,-48.6353696
TELEMACO BORBA - PR,-24.3282939,-50.6318021
ANGICAL - BA,-12.005623,-44.7000236
PORTO REAL - RJ,-22.4195607,-44.2896491
MONTE ALEGRE DE MINA - MG,,
IVOTI - RS,-29.5934057,-51.1599403
ITAPEMA - SC,-27.09472,-48.6137778
TAPEJARA - PR,-23.7334411,-52.8701739
CAMPO NOVO DO PARECI - MT,,
JULIO DE CASTILHOS - RS,-29.2286575,-53.6825217
NOVA RAMADA - RS,-28.0820908,-53.7063919
POTIM - SP,-22.8377227,-45.2565239
MARANGUAPE - CE,-3.8922967,-38.6835427
INOCENCIA - MS,-19.7310751,-51.9307502
ROQUE GONZALES - RS,-28.1324578,-55.0263416
CRATO - CE,-7.2369112,-39.4149236
SAO JOAO DA BARRA - RJ,-21.7649506,-41.0961685
GABRIEL MONTEIRO - SP,-21.5299436,-50.5533059
SOCORRO - SP,-22.5902619,-46.5249112
EXTREMA - MG,-22.8548355,-46.3184553
SAUBARA - BA,-12.7372926,-38.7662996
JAQUEIRA - PE,-8.7276422,-35.7948925
ITUPORANGA - SC,-27.4096219,-49.6014812
BAMBUI - MG,-20.0131996,-45.9777034
ALTO RIO NOVO - ES,-19.0577208,-41.0171518
VENTUROSA - PE,-8.5765199,-36.876569
QUISSAMA - RJ,-22.107205,-41.4723411
RIACHAO DAS NEVES - BA,-11.7481049,-44.9109851
SAO SEBASTIAO DO OES - MG,,
BAIANOPOLIS - BA,-12.3067564,-44.5383591
BRUMADINHO - MG,-20.143611,-44.2
CAMPO LIMPO DE GOIAS - GO,-16.297101,-49.0894994
ASSIS - SP,-22.6620892,-50.420623
IPECAETA - BA,-12.3158261,-39.306421
MANACAPURU - AM,-3.3012703,-60.6206857
SAO JOSE DO PINHAIS - PR,-25.4679586,-49.2553103
CHAVES - PA,-0.164154,-49.987006
JEQUITAI - MG,-17.2328217,-44.4383463
VARGEM ALTA - ES,-20.6733324,-41.0107231
ALTOS - PI,-5.0393915,-42.4611694
PARANATINGA - MT,-14.4297856,-54.0503432
LARANJAL DO JARI - AP,-0.8419994,-52.516
GARRUCHOS - RS,-28.1892458,-55.6382958
CATENDE - PE,-8.6695284,-35.7251419
EUSEBIO - CE,-3.8889838,-38.4546585
CRISTALANDIA DO PIAU - PI,,
PRADOPOLIS - SP,-21.3597815,-48.0746603
MIRAI - MG,-21.1957417,-42.6125153
COELHO NETO - MA,-4.2535154,-43.0149321
SANTANA DO MANHUACU - MG,-20.1075,-41.925556
RIO LARGO - AL,-9.477829,-35.839435
GANDU - BA,-13.7448138,-39.4844732
IGUABA GRANDE - RJ,-22.8388498,-42.2286746
ITAPACI - GO,-14.9522349,-49.5511221
GUACUI - ES,-20.7718645,-41.6754813
SAO JOSE DOS PINHAIS - PR,-25.533816,-49.2072163
EUCLIDES DA CUNHA - BA,-10.5068008,-39.0165817
PORTEIRAS - CE,-7.5341572,-39.1153149
BAEPENDI - MG,-21.9575733,-44.8891463
QUIXABEIRA - BA,-11.4123294,-40.1264724
SANTA HELENA DE MINA - MG,,
CAMPOS DOS GOYTACAZE - RJ,,
BRASNORTE - MT,-12.1218837,-58.0042714
SAO FRANCISCO DO PAR - PA,,
SANANDUVA - RS,-27.9499376,-51.8074435
RELVADO - RS,-29.1121081,-52.0713979
SANTO ANTONIO DO TAU - PA,,
SANTA CRUZ DO CAPIBA - PE,,
EPITACIOLANDIA - AC,-11.0289439,-68.7411519
CARIRA - SE,-10.358303,-37.701473
UBA - MG,-19.762897,-47.9659761
LUZ - MG,-19.7903123,-45.6818948
PE DE SERRA - BA,-11.8346273,-39.6108675
AREIA DE BARAUNAS - PB,-7.1233949,-36.9446216
SANTO ANTONIO DA PATRULHA - RS,-29.826768,-50.517489
NORDESTINA - BA,-10.8258183,-39.4297655
COLONIA LEOPOLDINA - AL,-8.9144649,-35.7220255
JOCA MARQUES - PI,-3.5407956,-42.4245237
SALTO DE PIRAPORA - SP,-23.6492502,-47.5729465
DOURADOS - MS,-22.2206145,-54.812208
CONGONHAS - MG,-20.5015168,-43.8564586
BAIAO - PA,-2.7903479,-49.6702845
SAO JERONIMO - RS,-29.959642,-51.7238192
CARANGOLA - MG,-20.733638,-42.0299412
JOIA - RS,-28.6465036,-54.1199165
BALNEARIO BARRA DO SUL - SC,-26.459842,-48.6061471
SAO JOSE DO NORTE - RS,-32.0145182,-52.0406082
OLIVEIRA - MG,-20.6971953,-44.8273969
JANDAIRA - BA,-11.56525,-37.7834202
MANGA - MG,-14.7528035,-43.9417044
LIMOEIRO DE ANADIA - AL,-9.7389667,-36.5015847
RUSSAS - CE,-4.9354279,-37.9783838
CHA PRETA - AL,-9.255605,-36.298334
LENCOIS PAULISTA - SP,-22.6029897,-48.8031367
SERRA CAIADA - RN,-6.1070196,-35.7086685
BOM JARDIM - PE,-7.7962749,-35.5871139
JEQUIE - BA,-13.8604033,-40.0719627
BOMBINHAS - SC,-27.1519159,-48.4875691
ITAQUI - RS,-29.1222037,-56.5551258
ANORI - AM,-3.7435254,-61.6605203
AMELIA RODRIGUES - BA,-12.4015388,-38.7516971
CRISTOPOLIS - BA,-12.2349301,-44.4160811
OLHO D' AGUA DAS CUNHAS - MA,-4.140311,-45.1184685
NAZARE - BA,-13.0345586,-39.0062515
BALNEARIO GAIVOTA - SC,-29.1553098,-49.5808712
RIO PRETO DA EVA - AM,-2.6990647,-59.7012494
ITAGUARA - MG,-20.391389,-44.488055
CAMPO VERDE - MT,-15.5430787,-55.1590511
SALINAS DA MARGARIDA - BA,-12.8733508,-38.7593794
SERRITA - PE,-7.9476953,-39.2957383
BOTELHOS - MG,-21.6500058,-46.3947355
PARANACITY - PR,-22.9304971,-52.1523164
OURO VERDE DE MINAS - MG,-18.0695301,-41.272395
SANTA ADELIA - SP,-21.2432992,-48.8061481
CAMPO DO BRITO - SE,-10.7482965,-37.493777
ANTONIO OLINTO - PR,-25.9849006,-50.1974516
NAQUE - MG,-19.2271271,-42.3280185
CAJATI - SP,-24.7272376,-48.1077914
LUIS EDUARDO MAGALHA - BA,,
VARGINHA - MG,-21.5565914,-45.4340674
BRAGANEY - PR,-24.8179919,-53.118506
RESSAQUINHA - MG,-21.063056,-43.762778
ALVORADA DOESTE - RO,,
SERROLANDIA - BA,-11.4200011,-40.2974938
TAPEJARA - RS,-28.069233,-52.0117161
TUPARENDI - RS,-27.7622992,-54.4829323
VIDEIRA - SC,-27.00544,-51.1533733
MACAMBARA - RS,-29.144485,-56.067444
IGARAPAVA - SP,-20.0411748,-47.7476682
ESTRELA - RS,-29.5010545,-51.962226
PARACURU - CE,-3.41436,-39.030028
PARACATU - MG,-17.2174056,-46.8707514
IRECE - BA,-11.3034965,-41.8557929
CEDRO - CE,-6.6065382,-39.0599487
PARINTINS - AM,-2.6344567,-56.7319324
TRINDADE - DF,-15.8353226,-48.0521746
PARANAQUE - MG,,
RAPOSA - MA,-2.4410095,-44.1104256
MARECHAL DEODORO - AL,-9.709715,-35.896731
TAUA - CE,-6.0031372,-40.2947268
PIRASSUNUNGA - SP,-21.993173,-47.3333435
CANTANHEDE - MA,-3.6355005,-44.3778738
MATAO - SP,-21.6033611,-48.3660603
VARRE-SAI - RJ,-20.9311337,-41.8677946
QUIXERE - CE,-5.0742841,-37.9892825
ITACARE - BA,-14.2779427,-38.9955683
CABO DE SANTO AGOSTI - PE,,
JAIBA - MG,-15.3373744,-43.6734439
BADY BASSITT - SP,-20.9178969,-49.4517911
PALMITINHO - RS,-27.3553374,-53.5575968
SOBRADINHO - DF,-15.6500533,-47.7848449
CAPIVARI - SP,-22.9999295,-47.5031066
IGREJINHA - RS,-29.569318,-50.791894
PEDREIRAS - MA,-4.5687989,-44.6003029
GUANAMBI - BA,-14.223066,-42.779943
COSMOPOLIS - SP,-22.6437398,-47.1972086
SANTA CRUZ DO RIO PA - SP,,
OLIMPIA - SP,-20.736634,-48.910625
MARAU - BA,-14.103022,-39.0144322
PASSOS - MG,-20.7167803,-46.6156864
SANTO ANTONIO DO PLA - RS,,
ARRAIAS - TO,-12.9287788,-46.9437231
PRESIDENTE CASTELO B - PR,-23.2790844,-52.1528771
SAUDADE DO IGUACU - PR,-25.6915533,-52.6184857
CAICARA - RS,-27.2470588,-53.4443522
CARNAUBAL - CE,-4.1611842,-40.9412317
SOMBRIO - SC,-29.107985,-49.632776
RETIROLANDIA - BA,-11.4935873,-39.4245887
ALMIRANTE TAMANDARE - PR,-25.3133048,-49.2997838
LAGOA DA PRATA - MG,-20.022778,-45.5440462
JUIZ DE FORA - RJ,-22.9706978,-43.3346505
PLANALTINA - DF,-15.6181947,-47.6555703
IPAMERI - GO,-17.7215439,-48.158118
PARAI - RS,-28.5966772,-51.7851426
MACATUBA - SP,-22.50022,-48.710229
GUARACIABA DO NORTE - CE,-4.1632924,-40.7495985
FORQUILHA - CE,-3.799447,-40.263405
BARRA DO ROCHA - BA,-14.2090974,-39.6004395
ZE DOCA - MA,-3.270145,-45.655344
NOVO ALEGRE - TO,-12.915134,-46.5740939
RONCADOR - PR,-24.5960555,-52.2744834
POMBAL - PB,-6.7711315,-37.7988646
LARANJAL PAULISTA - SP,-23.0514764,-47.8370125
CAJAZEIRAS - PB,-6.8923694,-38.5592505
SAO DOMINGOS DO CAPI - PA,,
PRESIDENTE TANCREDO NEVES - BA,-13.4534907,-39.421209
OURO VERDE DE GOIAS - GO,-16.2181069,-49.194154
PENALVA - MA,-3.2881215,-45.1742086
CONCEICAO DO JACUIPE - BA,-12.326831,-38.768433
IBIRAIARAS - RS,-28.3705672,-51.6366969
ALUMINIO - SP,-23.5203479,-47.2575256
IPERO - SP,-23.3508977,-47.687611
ACAILANDIA - MA,-4.9515026,-47.500732
PORTO FRANCO - MA,-6.34149,-47.396188
ROLIM DE MOURA - RO,-11.727071,-61.771411
FERRAZ DE VASCONCELOS/ BIRITIB - SP,,
TIANGUA - CE,-3.7307332,-41.0004019
BARRA DO GUARITA - RS,-27.1888016,-53.7147086
VIGIA - PA,-0.8546027,-48.1432873
MAZAGAO - AP,-0.1160565,-51.2861759
SANTOS DUMONT - MG,-21.455867,-43.5522107
RIO PARANAIBA - MG,-19.1965275,-46.2411395
CAMPO MOURAO - PR,-24.046329,-52.37802
PINDARE MIRIM - MA,-3.6124457,-45.3404235
DIVINOPOLIS DO TOCANTINS - TO,-9.8015722,-49.2143531
TERRA NOVA DO NORTE - MT,-10.5995196,-55.1167029
NOVA ERA - MG,-19.766111,-43.036944
GUBIRUBA - SC,,
SANTALUZ - BA,-11.2505314,-39.3746617
SAO SEBASTIAO DA GRAMA - SP,-21.7118854,-46.8284162
RIO DE JANEIRO - MG,-17.9853228,-45.0560635
BOM JARDIM - RJ,-22.1515328,-42.4186683
PINHAO - PR,-25.6960895,-51.6566366
TRES CACHOEIRAS - RS,-29.4521243,-49.9190608
FLORIANO - PI,-6.7675739,-43.022261
SANTO ANTONIO DE POSSE - SP,-22.6053304,-46.9197291
ELISIO MEDRADO - BA,-12.9469824,-39.520431
NOVA SANTA RITA - RS,-29.8489972,-51.2764275
VALPARAISO DE GOIAS - DF,,
COARI - AM,-4.0885957,-63.1431166
ARARI - MA,-3.4547602,-44.7772723
TENENTE PORTELA - RS,-27.371058,-53.758484
SETOR O - DF,-15.7927804,-48.1249717
AXIXA - MA,-2.8379465,-44.0561053
AGUAI - SP,-22.0592036,-46.979384
SAO FELIPE - BA,-12.8413439,-39.0942048
LEOPOLDINA - MG,-21.5314282,-42.6403534
UBAJARA - CE,-3.8534468,-40.9185642
PARANATAMA - PE,-8.9198099,-36.6573512
JUCAS - CE,-6.5224934,-39.5247183
SANTA QUITERIA DO MARANHAO - MA,-3.3459824,-42.8980144
ATALAIA - AL,-9.5029595,-36.0219316
VIEIRAS - MG,-20.8651165,-42.2448518
CONCEICAO DO COITE - BA,-11.5110945,-39.2510362
TEUTONIA - RS,-29.4816568,-51.813752
RIACHO FUNDO I - DF,-15.8789899,-48.0237025
COXIM - MS,-18.504915,-54.7450251
CORUMBAIBA - GO,-18.1348982,-48.564223
JI-PARANA - RO,-10.8778148,-61.9277854
SANTA HELENA DE GOIAS - GO,-17.8115199,-50.5976641
IPANEMA - MG,-19.7999954,-41.7138807
PIRIPIRI - PI,-4.2732339,-41.7785173
MACHADINHO DO OESTE - RO,-10.1969864,-63.8229127
AREADO - MG,-21.3582771,-46.1476688
SANTO ANTONIO DO TAUA - PA,-1.1522,-48.131446
MUCAJAI - RR,2.4486084,-60.9199986
IACANGA - SP,-21.8928341,-49.0226082
BOA VISTA DO GURUPI - MA,-1.7981168,-46.3071882
ANAPOLIS - GO,-16.3332828,-48.9525756
GOVERNADOR PORTELA - RJ,-22.5380638,-43.5048318
RIO POMBA - MG,-21.275,-43.178889
EMBU-GUACU - SP,-23.8317997,-46.8156204
DOM SILVERIO - MG,-20.1631352,-42.9666824
GARCA - SP,-22.2125766,-49.6547994
RIACHAO DE RIACHAO - BA,-6.542279,-35.6479205
TRES PASSOS - RS,-27.4556106,-53.9294399
IRACEMAPOLIS - SP,-22.5869091,-47.5160966
ARARIPINA - PE,-7.5768582,-40.5038509
POMPEIA - SP,-22.1088293,-50.1720753
BOM JESUS DO ITABAPO - RJ,,
MONTE CARMELO - MG,-18.7260939,-47.4958859
ITATIAIA - RJ,-22.4955278,-44.5633108
ITAOCA - SP,-24.6409691,-48.8410159
CANTAGALO - RJ,-21.9815,-42.3645
BOM JESUS DO ARAGUAIA - MT,-12.1725897,-51.5074425
TAGUATINGA NORTE - DF,-15.8030646,-48.0676008
SAO MIGUEL DO ARAGUA - GO,,
SANTA CRUZ - RN,-6.224752,-36.019297
MIRACEMA DO TOCANTIN - TO,,
TANGARA DA SERRA - MT,-14.6213903,-57.4907268
BOA VISTA DO RAMOS - AM,-2.9716927,-57.5869819
ITUVERAVA - SP,-20.3366604,-47.7797924
TABAI - RS,-29.6877843,-51.7180847
CANITAR - SP,-23.0066616,-49.7840632
ARCOVERDE - PE,-8.4208643,-37.0547808
PEDRO AFONSO - TO,-8.9757351,-48.1733282
DOIS CORREGOS - SP,-22.3697554,-48.3845315
CURURUPU - MA,-1.824255,-44.872996
BOM JESUS - PB,-6.8154728,-38.6554684
ENCANTADO - RS,-29.2392716,-51.8744817
TAPERA - RS,-28.6262957,-52.8680873
CANGUARETAMA - RN,-6.3751942,-35.137463
UNIAO DA VITORIA - PR,-26.228596,-51.0869796
QUATIS - RJ,-22.4066444,-44.2577453
NOVA PETROPOLIS - RS,-29.3759836,-51.1123342
JAGUARARI - BA,-10.2575875,-40.1944363
FIRMINOPOLIS - GO,-16.5753264,-50.3011286
SANTO ANTONIO DE JESUS - BA,-12.9689361,-39.260914
RIO DE CONTAS - BA,-13.5803333,-41.8112152
BARAO DE COCAIS - MG,-19.9452437,-43.4870298
SAO JOAO BATISTA - SC,-27.277547,-48.8496101
FRANCISCO BELTRAO - PR,-26.0790979,-53.0533527
CONCEICAO DA FEIRA - BA,-12.5013001,-39.0002166
MONTENEGRO - RS,-29.6826112,-51.4687455
CRUZ DAS ALMAS - BA,-12.6722649,-39.1053665
CAMPO BOM - RS,-29.678418,-51.0572268
RODEIO - SC,-26.9233304,-49.3685354
MACHADINHO DO OESTE - RO,-10.1969864,-63.8229127
TARAUACA - AC,-8.1602019,-70.7665368
ELDORADO - SP,-24.522583,-48.1093489
LAJE - BA,-13.1809956,-39.4222968
SAPUCAIA - PA,-6.9411006,-49.6991328
MUCUGE - BA,-13.0053,-41.370271
PRESIDENTE MEDICI - RO,-11.1686638,-61.9057627
ITABELA - BA,-16.5742292,-39.5619193
PALMEIRA DO PIAUI - PI,-8.7251991,-44.2356922
SAO JOSE DA LAPA - MG,-19.6988548,-43.9583194
DATAS - MG,-18.4459187,-43.6584287
SAO GONCALO DOS CAMP - BA,,
NOVA RESENDE - MG,-21.1263862,-46.424537
BAIXA GRANDE - BA,-11.9630941,-40.1657537
MARIALVA - PR,-23.4820987,-51.795788
PARANAPUA - SP,-20.1033995,-50.5858761
PAULO RAMOS - MA,-4.4491095,-45.2420345
INGAZEIRA - PE,-7.6773108,-37.4598895
HERVAL DOESTE - SC,-26.9258311,-49.1226377
MIGUEL PEREIRA - RJ,-22.4539417,-43.4691978
PAICANDU - PR,-23.4575884,-52.048988
RIO DE JANEIRO/ JACAREPAGUA - RJ,-22.9609445,-43.3878661
CANDEIAS - BA,-12.6693806,-38.5406462
CARAPEBUS - RJ,-22.1869969,-41.6633764
LADAINHA - MG,-17.627754,-41.738196
TRES CORACOES - MG,-21.695625,-45.2543675
AGUDOS - SP,-22.4719836,-48.9884476
ESPIGAO DO OESTE - RO,-11.6322685,-61.203669
SANTO ANTONIO DE GOI - GO,,
JOAO MONLEVADE - MG,-19.809444,-43.173334
CHAPADAO DO SUL - MS,-18.7949051,-52.6199512
PARELHAS - RN,-6.691369,-36.6584475
ANGULO - PR,-23.1958345,-51.9094976
MACAPARANA - PE,-7.555638,-35.44246
MORRINHOS - CE,-3.2275749,-40.1280783
PARANAIBA - MS,-19.6751971,-51.1874986
SARANDI - PR,-23.444117,-51.876016
COCAL DO SUL - SC,-28.6007346,-49.3248697
JABOTICATUBAS - MG,-19.521667,-43.745277
GOIAS - GO,-15.9323662,-50.1392928
PASTOS BONS - MA,-6.6013999,-44.0878124
JACOBINA - BA,-11.1851561,-40.5112434
CASCAVEL - CE,-4.129666,-38.241178
ITAPIRANGA - AM,-2.7461205,-58.025377
ARACATI - CE,-4.558259,-37.767894
CAPANEMA - PA,-1.1933054,-47.1828679
SANTA RITA DE CASSIA - BA,-11.0013969,-44.5209684
XANXERE - SC,-26.8748603,-52.4035964
CORDISBURGO - MG,-19.125834,-44.320278
BRASILIA DE MINAS - MG,-16.2075114,-44.430559
XAXIM - SC,-26.9605363,-52.5335505
MURIAE - MG,-21.1313485,-42.3628918
SOBRADINHO - BA,-9.469775,-40.7957473
ENGENHEIRO CALDAS - MG,-19.201389,-42.046944
JABOTICATUBAS-MG - MG,-19.5684792,-43.766954
AGRICOLANDIA - PI,-5.7687564,-42.6721624
CARLOS CHAGAS - MG,-17.7030797,-40.7632936
CAMPO MAGRO - PR,-25.3691533,-49.4496921
CORNELIO PROCOPIO - PR,-23.1825218,-50.6499263
NOVA IBIA - BA,-13.8102566,-39.624783
SANTO AMARO DA IMPER - SC,,
BOM PRINCIPIO - RS,-29.489788,-51.3566782
RESPLENDOR - MG,-19.3254413,-41.2554622
PAPAGAIOS - MG,-19.4487775,-44.7478694
BELEM - PB,-6.6967586,-35.5369626
COMODORO - MT,-13.695976,-60.6996614
PIMENTA BUENO - RO,-11.6767868,-61.1863902
INHUMAS - GO,-16.3610569,-49.500111
CAMPOS ALTOS - MG,-19.696389,-46.171389
SANTA ROSA DO SUL - SC,-29.1354955,-49.7154188
BANANAL - SP,-22.6820178,-44.3221805
NOSSA SENHORA DAS DO - SE,-22.7046,-42.865
TAMANDARE - PE,-8.7500009,-35.1045787
MONTEIRO - PB,-7.8920179,-37.1232051
QUIRINOPOLIS - GO,-18.4471859,-50.4546981
PEDRA BELA - SP,-22.7950193,-46.4431811
LAGOA SECA - PB,-7.157099,-35.8542023
SANTA TEREZA DO OESTE - PR,-25.0511956,-53.6161834
JANAUBA MG - MG,-15.8103735,-43.3052119
EXTREMOZ - RN,-5.7057628,-35.3034765
UNIAO DE MINAS - MG,-19.5296289,-50.3317301
GASPAR - SC,-26.9307306,-48.9566824
ICONHA - ES,-20.7935003,-40.8108852
SILVA JARDIM - RJ,-22.6509706,-42.3947353
BARRO ALTO - GO,-14.9696025,-48.9190985
BOITUVA - SP,-23.2838893,-47.6738231
MARECHAL CANDIDO RONDON - PR,-24.5582532,-54.0587821
DELMIRO GOUVEIA - AL,-9.3841161,-37.997756
SAO FELIX DO ARAGUAIA - MT,-11.6170646,-50.6667246
ITAITUBA - PA,-4.2625218,-55.9878139
MARATAIZES - ES,-21.0443673,-40.8272204
CAPAO DO LEAO - RS,-31.766133,-52.5013148
PAO DE ACUCAR - AL,-9.7496551,-37.4329891
ESPUMOSO - RS,-28.731201,-52.841286
CANUDOS - BA,-9.8947939,-39.0274356
PILAR - AL,-9.6016711,-35.9511275
TOBIAS BARRETO - SE,-11.1878721,-38.0030397
CHARQUEADAS - RS,-29.9549088,-51.6249534
CABREUVA - SP,-23.3076663,-47.1324726
FORTIM - CE,-4.451256,-37.798056
JAGUARI - RS,-29.4980313,-54.6919404
SALVADOR BA - BA,-12.9822499,-38.4812772
MORRO DO CHAPEU - BA,-11.5500293,-41.1570248
LIVRAMENTO DE NOSSA - BA,-13.6489962,-41.8402691
SAO SEBASTIAO DO PAS - BA,,
IBITIRAMA - ES,-20.5394377,-41.6644451
ARIQUEMES - RO,-9.9076522,-63.033069
SAO JOAO DO OESTE - SC,-27.0981223,-53.5931508
VACARIA - RS,-28.5102901,-50.9356044
PRAIA GRANDE - SC,-29.1967451,-49.9491133
SAO JOAO DEL REI - MG,-21.1335755,-44.2588086
PINHEIRO - MA,-2.5270459,-45.0866463
ITARANA - ES,-19.8748185,-40.8762716
CASA BRANCA - SP,-21.7743137,-47.0852175
NOVA MAMORE - RO,-10.4104864,-65.3313761
CONCEICAO DO MATO DENTRO - MG,-19.037222,-43.425278
MARA ROSA - GO,-14.0148159,-49.1776521
CARMO DO CAJURU - MG,-20.184444,-44.770834
JACUPIRANGA - SP,-24.6945594,-48.0024027
RIO DE JANEIRO - AC,-22.9110137,-43.2093727
MANDAGUARI - PR,-23.5224849,-51.6787511
LAJEDO - PE,-8.657914,-36.329336
JUTI - MS,-22.8611994,-54.604793
ITINGA DO MARANHAO - MA,-4.452925,-47.5253727
PENHA - SC,-26.775418,-48.6465251
ALVARES MACHADO - SP,-22.076415,-51.47224
GOVERNADOR NEWTON BE - MA,-3.4285914,-45.6714297
ALTO PARAISO DE GOIAS - GO,-14.1304779,-47.5100161
JEQUIA DA PRAIA - AL,-10.0092595,-36.0232787
URUCUI - PI,-7.797,-44.5748709
LAVRINHAS - SP,-22.570047,-44.902359
CAPELA - SE,-10.50494,-37.0552566
ENTRE- IJUIS - RS,-28.361628,-54.2670019
ALTO GARCAS - MT,-16.9469683,-53.529427
DENISE - MT,-14.7292165,-57.0482981
PIRENOPOLIS - GO,-15.8501619,-48.957317
AREAL - RJ,-22.2314922,-43.1056264
CAMBARA DO SUL - RS,-29.0489517,-50.145412
JOACABA - SC,-27.1737204,-51.5065214
JAICOS - PI,-7.3584791,-41.1446059
